user0001,$2a$10$TGn3NLzN3El4aGxc6GdPw.TKdAtunyjyT.2ZfReHbQq33/tm1lzTK
user0002,$2a$10$jGtW9sFec7GGaHWQxwA6aeryHhUJ.3k9VmmcQldycvFBZA.x94IL6
user0003,$2a$10$lNe89Om/VJUlsMt0CaEBWOjCG09QsPct.mHUAWZEaSxjsldkh61SC
user0004,$2a$10$M6WVNpybEX3XsaDWKpLZq.oXNU/JmrsDkYkC3H.I/5wXmaFcGAH.O
user0005,$2a$10$xpp08qanVq5t3Yp/agf.bu3FupXoBKCyUPsMcmqnQ9Mn7iJvqTL4O
user0006,$2a$10$2j5xDJqFbXauNL/5Axx1iu7nGU2iRO4b.fWljgWIPN8ZKyQqgtqW2
user0007,$2a$10$zbWZtAh6nKHbqUrRP4jIn.M6ptCCebfYQLA4d558nFbLMnSQ.PGs2
user0008,$2a$10$3RCejMwoubp7mNwR.BM/OezTpKuY/JigX5ktbU5DvuzuhgqCcHkoe
user0009,$2a$10$g8or/sS2LzxCUYDuC2LvY.crxQ8R4GojWXHTvfLQRQipTLREyFk5C
user0010,$2a$10$fZSrkIpdgdSciBjQR0tIq.6i5KJyTTUHgWmSe9Ybk.pfXSxJbFlhO
user0011,$2a$10$qxnPjZpZ4OeCajC/lzXCxeqCnExjnnKpnCLwX0oybCfvY18w6TITa
user0012,$2a$10$I/OmcL8ZRmTZmxoWtCJ3LOwoK2rMsLchclRbWWuUbt5OwBogfaVDC
user0013,$2a$10$ZI2YaBscmK3.MOn/mHa6D.wAuX5jxLOncolWvg3troh9QJuMwm1C2
user0014,$2a$10$0rVD3NQPr.Roo54StajyueuNQyN4uU1Uawn3xZkDVQw5eQbe4Biae
user0015,$2a$10$4v8UWTPtw.m1mqQmW9cZPOV.OmZUYVzmqDhU5OXppF7j7GGGMgVxi
user0016,$2a$10$OnIZxmQYtCW3QLRDpcKvUOo6ND.KTIL/DCI.aE4JDrtvRMjq3yt1y
user0017,$2a$10$p2GsWplLUp/Eps6o4P1tFeP6xl9WJPd3ZbZ8m/o2yZGMGA6QmGPpm
user0018,$2a$10$lDK2oj1gRsyDLd7XwtyeaugArRwtC7TZf08qjsQjduXaPnObaYGzS
user0019,$2a$10$fhP6Xq3XuSkPSJniUvZlt.7tNqOeZviJPem0RCX66htNaDVilRTOK
user0020,$2a$10$NFM4MMbD008M6mSc2gHuvejynPcwop5N9E6fxI/EmdJ4d9YT0Ntzu
user0021,$2a$10$ORyYGEv8UlUU3ep5O91yEeNojDmmr3HrfjLEetykmPSsa5roz3xO2
user0022,$2a$10$ZwfVPHV9aDhqDOTXUgAxgeoSInwD5UmEe9cum0TnRlP1eiPqN7R7G
user0023,$2a$10$sJOb7ohFfKd0rrtJR58IFOYsjEr77b/bWOlUG.PWSGxYyyo.V1sY.
user0024,$2a$10$PiZGjQGZUaHwgd1BhM3IaOHZw6K5dtuqDVBR7F6nBeA14T8qmPJiu
user0025,$2a$10$e1q4l.i/IjAqP0afqnJiv.sRUj5ZY6wnqPi0WIU/mmCCa0LIuRWXy
user0026,$2a$10$uIdUUnkmtNAcbHmEh7mTCOCPSz7S3IQh0/aybjnAWwh1E8S/k8iDO
user0027,$2a$10$pY3nDO7pz6jCZAeJVNkM2.m.VPS0I98xkDXAUnmnBLXfY0tg5W0Mu
user0028,$2a$10$ahsgGMwWF9JWTRi1BOobYO.WYVu/yos7G2KBhxtjNgRCj6JK8oto2
user0029,$2a$10$XbrXziT0EvCkoi7FgmGNEOUwUzMSuwYKhzxU00zyzcUlkH7GFbb8i
user0030,$2a$10$RHCCjfquF3t36YWK6hj1duKrgiCurVdrihOPtJcwAaq/lNCrTHO2y
user0031,$2a$10$dq8pzry5K1X1VCA4xuDUR.KQTBc5Er4LRECNNwXkCr/qUK4em3fT2
user0032,$2a$10$IiQxamPGk7LeDihxn.d7ZO.XhNUwISHIkkDyMD94Vp2s0qv2HswMu
user0033,$2a$10$CvjPyzNlCuUBjb09iFZpTe/MhE8i3UM1rNTdFLegddY8UGyiS.Kza
user0034,$2a$10$lHdwB82SyCj6YCXkp7JU/eP7MlNdJ9IT4nqAbmO0UhnPf068mf4ke
user0035,$2a$10$TbPEEvO4qxW2kfLU1JQcOuZ/0S9E1ueLiP4qMl5yAvz/LtRCjJB7.
user0036,$2a$10$EwP5sIT3qzYhjSoEJRozou6UGSQ2S43/E7zTielm1KQyq/QiQlZ/6
user0037,$2a$10$3eyaKFTALkWMv2Ds/nq4VueeK8n4EeO6SfzTvragGsZo1jol7IT9u
user0038,$2a$10$6dECYy0J9rHqkNEsVmZPn.D8/j5qR9pbNJePJmkscAcH6h1rdnOlO
user0039,$2a$10$IK60U8HPs0g8luVOATZkfOsMK0J/Er8Jg1iwgnbHh.YK27gfmvkBC
user0040,$2a$10$RyPMoqsYL3GORqeyvurMkuwkfls0jLNxexLK/kBdW4UdDGoUKmvMy
user0041,$2a$10$zg8PjIVAdAezCKLJB7p0kuTRcDzRX1j0mFVuC3WJh7jmv63HoX/xK
user0042,$2a$10$RS/7uHtg55Fe/Wog4vK9LuBGIlyI3tFMZxs5vAZgFwAx5OshcC7R2
user0043,$2a$10$Z/D6f69S3yDIHWh83bRq8O.5ECbSiDnEDI8pfF.vXeWIqi/ac4di2
user0044,$2a$10$RYV/IC0z4bsBkxfv7YKd..2FXr0K.RDoPJTAhOL9xEzx0mTKSWscq
user0045,$2a$10$8JBxmL7dU56XSUBNyrSkVOBzZ.Sye8JD3qPwU2wArqleQPawQ.0NK
user0046,$2a$10$IuoSS5bWzOCWP5bv4Z8r2O3yAqNIy4HxxZKvFQoN1Bax/AhnYsDUK
user0047,$2a$10$swebo.4fmK4IpuhAjUXzYe3vMo0NEFdeU3nc6FtzmNLzDE0g0lXP.
user0048,$2a$10$8Yxhueo14HopUspq4TIFGuQQ3KAyO68A/zfN7.SKT900UVV67SORK
user0049,$2a$10$wF8Fc0n5/kfoX2QjYidOU.XsA6C4hN6gQt22udqJsGA.A8ZRY6q9.
user0050,$2a$10$I98qzruEYz2kp79qmui9FOhlXtQSflve6iKtxkR8ESWUMVyTd5m1a
user0051,$2a$10$sAXIwjN7CDfpXmMA9GAVnOZvOOJ593p6dwX1KmgeVb7KpX3XvJQ/S
user0052,$2a$10$ylC71WgUC78BD4bb8feoruKI9h4Oqj3nZRrJS4mJPphngV5Iv7.WG
user0053,$2a$10$53Ui.SJcwDi39rPQC5RQ9./6Y/VOz2/qw9KMO3xUCb0k3QvmNtmpa
user0054,$2a$10$rHMIEdx8Hz9gkV7xn4n1HO.aTlhG6HGoPKQO1i0rH8ANZkiaCtoay
